"","ID","Description","setSize","enrichmentScore","NES","pvalue","p.adjust","qvalue","rank","leading_edge","core_enrichment"
"GO:0046660","GO:0046660","female sex differentiation",68,0.568353445660983,2.12560656755191,7.30651930300618e-07,0.000985466790992959,0.000896779106032127,2090,"tags=35%, list=13%, signal=31%","7544/558/3624/4327/2069/89766/7130/25976/10184/5806/11144/2309/55636/54361/8204/84159/6714/598/2/64478/1299/10461/7422/3309"
"GO:0032496","GO:0032496","response to lipopolysaccharide",231,0.389684757353507,1.74558807188944,3.36781437826784e-07,0.000985466790992959,0.000896779106032127,2690,"tags=27%, list=17%, signal=23%","1435/2921/2919/2920/6347/3656/558/8140/2706/5054/7056/1910/9590/11009/6374/383/3576/84868/3552/9261/19/10417/114548/3569/25819/10221/2672/80149/6556/7079/133/6714/7097/148022/10865/6348/3553/3248/10892/3654/842/5581/6868/5743/3586/10270/1234/5142/4795/7040/4353/3727/23118/3164/5467/5970/5732/55122/5599/3620/1604/406934"
"GO:0019221","GO:0019221","cytokine-mediated signaling pathway",326,0.353232998069126,1.62906172260034,3.89200907430886e-07,0.000985466790992959,0.000896779106032127,1604,"tags=16%, list=10%, signal=14%","1435/2921/2152/64109/2919/2920/6347/5468/3656/558/10936/6351/56832/9755/23529/8808/2069/7850/6374/6775/383/3576/3554/9253/3557/27342/3552/53905/171389/3556/5618/8877/10803/6364/3569/2309/3563/2672/5008/10758/6714/9943/1230/5770/7376/9034/2859/2180/3091/6348/3553"
"GO:0071396","GO:0071396","cellular response to lipid",408,0.327895273006137,1.54485552628972,7.10488084472075e-07,0.000985466790992959,0.000896779106032127,2286,"tags=21%, list=14%, signal=18%","8284/2921/2919/2920/6347/3656/558/3624/8140/8644/2706/5054/7035/3638/8013/1910/490/11009/6374/5251/383/1645/3576/4824/3667/84868/2852/3552/3199/3949/6446/19/10417/56937/114548/3569/22850/54206/2309/3673/5244/10221/2672/80149/4330/2867/1545/8204/6714/196/687/57178/2865/7097/148022/5187/6095/2002/10865/6348/3553/23209/9612/1977/1408/55022/5753/51341/10892/3654/1407/842/5581/3586/6720/10270/1234/5916/2033/5142/2908/4795/7040/10856/27"
"GO:0002237","GO:0002237","response to molecule of bacterial origin",243,0.378159109166343,1.68991276598712,1.20675001803677e-06,0.00130208326946168,0.00118490149139442,2690,"tags=26%, list=17%, signal=22%","1435/2921/2919/2920/6347/3656/558/8140/2706/5054/7056/1910/9590/11009/6374/383/3576/84868/3552/9261/19/10417/114548/3569/728/25819/10221/2672/80149/6556/7079/133/6714/7097/148022/10865/6348/3553/3248/10892/3654/842/5581/6868/5743/3586/10270/1234/5142/4795/7040/4353/3727/23118/3164/5467/5970/5732/55122/5599/3620/1604/406934"
"GO:0051897","GO:0051897","positive regulation of protein kinase B signaling",70,0.551965892166323,2.08331443991273,4.10978867900612e-06,0.00289735226892413,0.00263660328418363,1777,"tags=26%, list=11%, signal=23%","4233/2152/10253/407006/558/8644/85453/388121/9518/2260/7057/1839/5008/6714/23533/6348/57091/407007"
"GO:0060326","GO:0060326","cell chemotaxis",204,0.387957227018318,1.71973480475432,3.59296017375134e-06,0.00289735226892413,0.00263660328418363,2216,"tags=24%, list=14%, signal=21%","1435/2921/4233/2919/2920/1960/6347/5054/6351/1910/27202/7130/2260/7057/6374/8740/3576/1880/5159/58191/5588/2321/1839/10803/1525/6364/3569/728/2867/5872/719/56477/5339/9732/9943/1230/9034/6348/3553/3680/54210/6504/7422/1901/6868/3586/1234/5142/4354"
"GO:0042060","GO:0042060","wound healing",285,0.355678958669596,1.62992152440167,4.29635183529065e-06,0.00289735226892413,0.00263660328418363,2820,"tags=29%, list=17%, signal=24%","2152/23657/407006/5468/558/5328/5055/5054/7056/7035/2335/8613/135/22875/6385/23189/2069/135228/3043/11009/7057/5028/51330/5159/51206/5329/5588/3552/1839/53905/171389/1026/3569/5023/84959/3673/10672/7076/3053/54361/6556/5339/6714/131566/710/3091/116844/2151/4088/221037/64581/26509/8840/10461/94/5912/389/7422/5581/5341/6868/977/79643/5119/7040/8291/5467/2683/6722/7852/308/3688/2768/10544/960/8323/2316/4627/1192/4780/9060/84034"
"GO:0046545","GO:0046545","development of primary female sexual characteristics",63,0.551992424974291,2.03495869584292,5.58122152886402e-06,0.00312836387812704,0.00284682486270611,2090,"tags=33%, list=13%, signal=29%","7544/3624/4327/2069/89766/7130/25976/10184/5806/11144/2309/54361/8204/84159/6714/598/2/64478/1299/7422/3309"
"GO:0070372","GO:0070372","regulation of ERK1 and ERK2 cascade",177,0.398844242326072,1.72997341612002,5.79863554796485e-06,0.00312836387812704,0.00284682486270611,1617,"tags=20%, list=10%, signal=18%","1846/10253/407006/6347/3624/3976/6351/388121/2335/27202/200734/9590/5028/1880/5159/10252/285315/3357/84868/2852/3552/57556/57053/171389/6364/728/54206/467/6714/1230/5770/7430/6348/3553/161742"
"GO:0001763","GO:0001763","morphogenesis of a branching structure",100,0.467183937225699,1.89110016081009,6.55630550397386e-06,0.00321556983581263,0.00292618266703675,1332,"tags=21%, list=8%, signal=19%","1435/4233/10253/374/441478/9620/9953/4824/8642/10252/57471/5361/3202/639/80000/10672/1282/4609/54361/133/6714"
"GO:0070373","GO:0070373","negative regulation of ERK1 and ERK2 cascade",52,0.58520798135433,2.07451444640957,9.28928159532334e-06,0.00351158881654183,0.00319556123903246,1617,"tags=31%, list=10%, signal=28%","1846/10253/407006/3976/200734/10252/285315/2852/57556/57053/171389/54206/467/5770/7430/161742"
"GO:0008585","GO:0008585","female gonad development",61,0.555605261566716,2.02429949884355,9.3832725596158e-06,0.00351158881654183,0.00319556123903246,2090,"tags=33%, list=13%, signal=29%","7544/3624/4327/2069/89766/7130/25976/5806/11144/2309/54361/8204/84159/6714/598/2/64478/1299/7422/3309"
"GO:0001944","GO:0001944","vasculature development",455,0.30684722009476,1.48968476010892,9.58814885452546e-06,0.00351158881654183,0.00319556123903246,1622,"tags=17%, list=10%, signal=15%","2152/10253/255324/407006/1960/6347/5468/441478/8061/3976/5054/2335/4327/28984/8613/2069/6461/1284/5138/79812/7057/374887/1959/3576/4824/406955/51330/5159/26051/9451/25976/2852/3373/2321/3552/1491/57556/3949/8877/58504/2034/3202/639/3569/182/728/3696/54206/407004/23210/10672/55636/1282/1649/80149/290/688/54361/1545/719/22846/27161/133/196/9289/718/57178/861/306/6095/64855/3091/116844/3553/161742/3687"
"GO:0001568","GO:0001568","blood vessel development",431,0.305719359567085,1.46894495206019,9.76345361411074e-06,0.00351158881654183,0.00319556123903246,1622,"tags=17%, list=10%, signal=16%","2152/10253/255324/407006/1960/6347/5468/441478/8061/5054/2335/4327/28984/8613/2069/6461/1284/5138/79812/7057/374887/1959/3576/4824/406955/51330/5159/26051/9451/25976/2852/3373/2321/3552/57556/3949/8877/58504/2034/3202/639/3569/182/728/3696/407004/23210/10672/55636/1282/1649/80149/290/688/54361/1545/719/22846/27161/133/196/9289/718/57178/861/306/6095/64855/3091/116844/3553/161742/3687"
"GO:0097530","GO:0097530","granulocyte migration",105,0.462514239247194,1.88531815444085,1.04402329098829e-05,0.00352031603430114,0.00320350304550617,2216,"tags=28%, list=14%, signal=24%","1435/2921/2919/2920/6347/6351/89766/27202/7130/7057/6374/3576/3554/3552/1525/6364/255231/728/719/399/6348/3553/3680/9948/58515/54210/6504/5142/4354"
"GO:0070371","GO:0070371","ERK1 and ERK2 cascade",193,0.387144091012769,1.70197248866037,1.15128974637536e-05,0.00365365187158532,0.00332483924278307,1617,"tags=19%, list=10%, signal=17%","1846/10253/407006/6347/3624/3976/6351/388121/2335/27202/200734/1847/9590/5028/1880/5159/10252/285315/3357/84868/2852/3552/57556/57053/171389/6364/728/54206/4609/467/6714/1230/5770/7430/6348/3553/161742"
"GO:0071347","GO:0071347","cellular response to interleukin-1",67,0.530362234447,1.98859013541178,1.39223484168266e-05,0.00417283720604331,0.00379730017637891,1604,"tags=30%, list=10%, signal=27%","6347/3656/6351/8808/7850/9590/5603/3576/3554/4824/3373/3557/6364/3569/80149/2634/6095/3091/6348/3553"
"GO:0043491","GO:0043491","protein kinase B signaling",129,0.434550537792397,1.83110629264493,2.25253302616049e-05,0.0056725720417352,0.00516206546073908,1777,"tags=19%, list=11%, signal=17%","4233/2152/10253/407006/6347/558/8644/85453/388121/9518/2260/7057/4824/2852/1263/1839/1649/5008/6714/23533/6348/3553/57091/79594/407007"
"GO:0009611","GO:0009611","response to wounding",364,0.319170524328707,1.48475431299099,2.241464358041e-05,0.0056725720417352,0.00516206546073908,3077,"tags=29%, list=19%, signal=24%","2152/23657/407006/5468/558/5328/5055/5054/7056/7035/2335/8613/135/22875/6385/23189/2069/135228/3043/11009/7057/5802/383/5028/51330/5159/51206/2905/5329/5588/3552/1839/53905/171389/1026/3569/5023/84959/3673/10672/7076/3053/1649/54361/6556/5339/22846/133/6714/1230/81565/131566/710/3091/116844/2151/4088/221037/64581/407007/26509/8840/10461/94/5912/389/7422/5581/5341/6868/977/79643/3586/1270/5119/7040/8291/5467/2683/673/6722/7852/56963/308/3688/2768/5604/10544/960/8323/2316/4627/596/1192/4780/9060/84034/5025/60/664/5605/7410/9314/1609/6239/1265/9158"
"GO:0006935","GO:0006935","chemotaxis",362,0.317482798599891,1.47333134991788,2.31318971118025e-05,0.0056725720417352,0.00516206546073908,1619,"tags=16%, list=10%, signal=15%","1435/2921/4233/2152/6405/2919/2920/1960/6347/8061/5328/5054/6351/1910/27202/7130/2260/7057/6374/1959/8740/3576/1880/5159/347733/58191/5329/5588/2321/5361/57556/1839/3199/10803/1525/6364/10501/3569/728/3673/54910/3053/2867/1855/5872/719/56477/5339/9732/399/9943/1230/9034/1889/64855/6348/3553/4088"
"GO:0042330","GO:0042330","taxis",362,0.317482798599891,1.47333134991788,2.31318971118025e-05,0.0056725720417352,0.00516206546073908,1619,"tags=16%, list=10%, signal=15%","1435/2921/4233/2152/6405/2919/2920/1960/6347/8061/5328/5054/6351/1910/27202/7130/2260/7057/6374/1959/8740/3576/1880/5159/347733/58191/5329/5588/2321/5361/57556/1839/3199/10803/1525/6364/10501/3569/728/3673/54910/3053/2867/1855/5872/719/56477/5339/9732/399/9943/1230/9034/1889/64855/6348/3553/4088"
"GO:0001934","GO:0001934","positive regulation of protein phosphorylation",482,0.289017530308911,1.39873936390135,2.54138258170776e-05,0.00596119957752754,0.00542471778539358,3069,"tags=23%, list=19%, signal=19%","1435/10253/255324/374/407006/5468/338773/55890/3624/3976/4665/56832/28984/8412/8613/9518/23529/6385/2069/1910/2260/11009/7057/10220/4824/51429/10926/4515/5028/7037/5159/5329/9966/9294/3357/2852/2321/1839/5618/8877/1026/3569/84254/5008/30844/1855/6556/6714/22924/5770/718/990/94056/84922/2180/23533/3553/57091/5753/57521/904/10178/10892/3654/1453/94/5912/51422/10125/7422/6868/5743/1270/5621/7040/64223/221927/56005/3123/9212/23118/894/205428/3937/673/208/285955/5604/96459/54956/960/8812/3985/442590/22863/8312/596/5606/1958/1981/972/5605/9693/729597/56034/1609/3280/2547/8737"
"GO:0051591","GO:0051591","response to cAMP",52,0.565850298742732,2.00589304426493,3.07024018211658e-05,0.00624641648871438,0.00568426642668433,2127,"tags=31%, list=13%, signal=27%","374/8061/15/7056/4327/5138/53905/1545/196/7430/5187/366/2354/2889/3309/6720"
"GO:0070555","GO:0070555","response to interleukin-1",87,0.476895788677968,1.8835462189226,3.35028841331042e-05,0.00624641648871438,0.00568426642668433,1604,"tags=24%, list=10%, signal=22%","6347/3656/6351/8808/7850/9590/5603/3576/3554/4824/3373/3557/6364/3569/80149/6714/2634/6095/3091/6348/3553"
"GO:0071222","GO:0071222","cellular response to lipopolysaccharide",160,0.394537261292674,1.69170393340875,2.8832343751948e-05,0.00624641648871438,0.00568426642668433,2244,"tags=23%, list=14%, signal=20%","2921/2919/2920/6347/3656/558/8140/5054/1910/11009/6374/383/3576/84868/3552/19/10417/114548/3569/10221/2672/80149/6714/7097/148022/10865/6348/3553/10892/3654/5581/3586/10270/1234/5142/4795/7040"
"GO:0006399","GO:0006399","tRNA metabolic process",194,-0.441812396188325,-1.68029443393741,3.35766595315509e-05,0.00624641648871438,0.00568426642668433,4718,"tags=45%, list=29%, signal=33%","8846/54913/51637/10667/112858/348180/16/3735/221078/54888/80745/54931/79042/57570/26610/126789/51520/55140/51002/51095/2976/51091/60528/285605/11062/4677/9330/10557/124454/79691/26995/55157/51067/9329/4234/344405/1653/283742/55039/11157/25973/10785/8518/152992/80746/55006/10248/2926/51010/57176/129450/138716/57505/91801/60487/55798/5188/54920/54802/64172/79897/25940/144233/84520/116461/9836/84705/56986/84267/51728/158234/80222/283/339175/81627/93587/55278/55687/8270/90353/10799/57604/51367/123263/54482/142940/83480/92935"
"GO:0044782","GO:0044782","cilium organization",284,-0.402975522721719,-1.58008929840952,3.16779296358613e-05,0.00624641648871438,0.00568426642668433,4613,"tags=43%, list=28%, signal=31%","55112/146057/80199/51134/57562/8556/65250/92482/57096/10640/9851/91147/9662/79969/55081/64422/55835/11190/6792/80184/10464/5991/317662/200894/221421/221908/403/8655/8555/255758/8195/127733/153241/158297/4117/150737/54874/8814/202018/132320/93233/117178/26005/22994/27152/9738/1952/583/79770/54903/339829/84071/90120/221322/117177/22920/29105/137392/283232/285331/23386/6790/80321/9786/23329/80173/22858/374407/55582/9696/10733/257177/84260/84100/112752/80217/26160/79659/23224/10677/150082/23322/79600/49856/9148/84747/79864/22832/84223/55779/56683/83544/159686/84902/89891/57539/11020/25886/51259/116143/200162/84984/23059/51715/166379/286207/353116/199221/55212/219844/25776/51626/152206/11127/55172/257236/95681/79598/123016/27148/79738"
"GO:0001667","GO:0001667","ameboidal-type cell migration",288,0.330990169872842,1.52000305567739,3.21921520100045e-05,0.00624641648871438,0.00568426642668433,3047,"tags=26%, list=19%, signal=22%","4233/3036/6405/407006/1960/5468/2335/28984/8613/6385/23189/1910/90355/79812/2260/9590/7057/3357/3373/57556/1839/9124/10501/407004/3673/54910/10672/7076/80149/1545/84159/5872/5339/22846/27161/6714/306/3091/116844/161742/7145/407007/10769/2752/1647/9922/94/7422/5581/6868/5743/9448/7040/8660/54443/3164/5467/673/6722/3688/2768/9839/25960/4204/4627/11156/3397/4780/5025/56413/5606/10755/6093/9314/29941/6239"
"GO:0097529","GO:0097529","myeloid leukocyte migration",162,0.392561127346539,1.68313155158911,3.81985606649778e-05,0.00673059863332859,0.00612487430385728,2216,"tags=23%, list=14%, signal=20%","1435/2921/2919/2920/6347/5054/6351/89766/1910/27202/7130/7057/6374/3576/3554/2321/27342/3552/1525/6364/255231/3569/728/84675/719/399/1230/6348/3553/3680/9948/58515/54210/6504/7422/5142/4354"
"GO:0032102","GO:0032102","negative regulation of response to external stimulus",270,0.329427709236345,1.49197440144569,3.93422160317593e-05,0.00673059863332859,0.00612487430385728,1839,"tags=18%, list=11%, signal=16%","6405/407006/6347/5468/5328/5055/5054/7056/7035/135/8530/135228/90355/27202/7130/7057/5802/383/4907/406955/5329/84868/2852/27342/57556/284207/171389/3949/114548/10501/84959/54910/10221/1855/54361/6714/7376/2/100500826/29937/6095/710/4088/79594/79102/407007/10769/100"
"GO:2000147","GO:2000147","positive regulation of cell motility",382,0.306295104884748,1.43381653950972,3.99219937472687e-05,0.00673059863332859,0.00612487430385728,3014,"tags=26%, list=19%, signal=22%","1435/4233/2152/10253/6405/407006/5328/5054/6351/2335/8613/8013/286077/7130/2260/9590/7057/8740/3576/3554/406955/285966/5159/5420/58191/7205/2852/3373/2321/3552/57556/1839/53905/8877/6364/10501/3569/728/3673/9043/54910/80149/1545/719/27161/9732/6714/9943/1230/4641/306/3091/6348/3553/4088/3687/57091/64581/407007/10769/8840/91663/9922/58515/389/6504/7422/1901/5581/6868/977/3309/5743/9448/55604/7040/27/8660/378938/109136579/6810/26271/208/7852/3688/25960/596/7803/23587/4780/2041/5025/1613/5606/4267/26012/972/57343/5605/9693/56034"
"GO:0060271","GO:0060271","cilium assembly",264,-0.410693066472805,-1.60626795327771,4.26012033139068e-05,0.00696465126904627,0.00633786322985841,4613,"tags=44%, list=28%, signal=32%","55112/146057/80199/51134/57562/8556/65250/92482/57096/10640/9851/91147/9662/79969/55081/64422/55835/11190/6792/80184/10464/5991/317662/200894/221421/221908/403/8655/8555/255758/8195/127733/153241/158297/4117/150737/54874/8814/202018/132320/93233/117178/26005/22994/27152/9738/1952/583/79770/54903/339829/84071/90120/221322/117177/29105/137392/283232/285331/23386/80321/9786/23329/80173/22858/374407/55582/9696/10733/84260/84100/112752/80217/26160/79659/23224/10677/23322/79600/49856/9148/84747/79864/22832/84223/55779/56683/83544/159686/84902/89891/57539/11020/25886/51259/116143/200162/84984/23059/51715/286207/353116/199221/55212/219844/25776/51626/152206/11127/55172/257236/95681/79598/123016/27148/79738"
"GO:0030335","GO:0030335","positive regulation of cell migration",368,0.315224877417297,1.46922396904245,4.84384099124173e-05,0.00768603592580857,0.00699432643441221,2129,"tags=20%, list=13%, signal=18%","1435/4233/2152/10253/6405/407006/5328/5054/6351/2335/8613/8013/286077/7130/2260/9590/7057/8740/3576/3554/406955/285966/5159/5420/58191/7205/2852/3373/2321/3552/57556/1839/8877/6364/10501/3569/728/3673/9043/54910/80149/1545/719/27161/9732/6714/9943/1230/4641/306/3091/6348/3553/4088/3687/57091/64581/407007/10769/8840/91663/9922/58515/389/6504/7422/1901/5581/6868/977/3309/5743/9448"
"GO:0008033","GO:0008033","tRNA processing",133,-0.477033721925057,-1.73829198827238,5.27581793543524e-05,0.00808251491127384,0.00735512405174015,5375,"tags=53%, list=33%, signal=36%","8846/54913/51637/10667/112858/348180/16/3735/221078/54888/80745/54931/79042/57570/26610/126789/55140/51002/51095/60528/285605/11062/10557/79691/26995/4234/1653/283742/55039/11157/10785/8518/152992/80746/55006/10248/2926/129450/138716/57505/91801/60487/55798/54920/54802/64172/79897/25940/144233/84520/116461/9836/84705/56986/84267/51728/158234/339175/81627/93587/55687/8270/90353/10799/57604/51367/123263/54482/142940/83480"
"GO:0001525","GO:0001525","angiogenesis",331,0.319097493531129,1.46788701781424,5.39333710483519e-05,0.00808251491127384,0.00735512405174015,1622,"tags=18%, list=10%, signal=16%","2152/10253/255324/407006/1960/6347/5468/441478/5054/2335/4327/28984/2069/6461/1284/79812/7057/374887/3576/406955/51330/5159/26051/9451/3373/2321/3552/57556/8877/58504/2034/3202/3569/182/728/3696/407004/23210/10672/1282/80149/290/688/1545/719/22846/27161/133/9289/718/861/306/6095/64855/3091/116844/3553/161742/3687"
"GO:0001541","GO:0001541","ovarian follicle development",36,0.623623818686757,2.06242652039678,5.7134049191912e-05,0.00811153145764119,0.00738152923631794,1372,"tags=31%, list=8%, signal=28%","7544/3624/4327/2069/89766/7130/5806/11144/2309/6714/598"
"GO:0043409","GO:0043409","negative regulation of MAPK cascade",122,0.419466663593553,1.75416832372021,5.62603808900916e-05,0.00811153145764119,0.00738152923631794,1617,"tags=20%, list=10%, signal=18%","1846/10253/407006/5468/3976/1844/200734/1847/10252/285315/2852/57556/57053/54900/171389/54206/4609/467/5770/7430/3156/5187/3553/161742"
"GO:0051385","GO:0051385","response to mineralocorticoid",17,0.774258298826402,2.12740714573023,6.28944041853823e-05,0.0082759831848814,0.0075311810300545,1570,"tags=47%, list=10%, signal=43%","8061/15/490/2852/6446/2309/6714/2354"
"GO:0046683","GO:0046683","response to organophosphorus",79,0.474331564428544,1.84657809061306,6.07926946333427e-05,0.0082759831848814,0.0075311810300545,2127,"tags=29%, list=13%, signal=25%","374/8061/15/7056/4327/5138/1645/4907/5028/53905/5023/1545/196/7430/5187/366/2354/3553/2889/7442/3309/5743/6720"
"GO:0042542","GO:0042542","response to hydrogen peroxide",108,0.43288274300329,1.78436113310873,6.17765950436804e-05,0.0082759831848814,0.0075311810300545,2810,"tags=27%, list=17%, signal=22%","4233/374/8061/558/8013/10105/3043/383/5603/7703/5159/23135/8877/3569/2309/1545/6714/3040/3039/10494/10276/5598/3586/2395/1728/5970/54840/596/4780"
"GO:0048754","GO:0048754","branching morphogenesis of an epithelial tube",75,0.484183921515202,1.85379788668478,6.49941457103916e-05,0.00834775637418474,0.00759649494740698,1332,"tags=23%, list=8%, signal=21%","1435/4233/10253/374/441478/9620/9953/4824/8642/10252/3202/80000/10672/1282/4609/54361/6714"
"GO:0071219","GO:0071219","cellular response to molecule of bacterial origin",167,0.380551491159427,1.6315256284697,6.65344808322417e-05,0.00834775637418474,0.00759649494740698,2244,"tags=22%, list=14%, signal=19%","2921/2919/2920/6347/3656/558/8140/5054/1910/11009/6374/383/3576/84868/3552/19/10417/114548/3569/10221/2672/80149/6714/7097/148022/10865/6348/3553/10892/3654/5581/3586/10270/1234/5142/4795/7040"
"GO:0010575","GO:0010575","positive regulation of vascular endothelial growth factor production",20,0.744662118817502,2.14842413919863,7.323022135051e-05,0.00877948987080003,0.00798937432464979,2244,"tags=70%, list=14%, signal=60%","136/9451/3552/3569/728/1545/719/718/6095/3091/3553/468/5743/7040"
"GO:0043408","GO:0043408","regulation of MAPK cascade",426,0.297666930820894,1.41270903792029,7.16689687548422e-05,0.00877948987080003,0.00798937432464979,1851,"tags=15%, list=11%, signal=14%","1846/10253/255324/407006/6347/5468/3624/3976/6351/388121/2335/8412/9518/27202/60370/1844/200734/1847/2260/9590/7057/406955/5028/1880/5159/10252/285315/3357/84868/2852/2321/3552/57556/57053/54900/171389/8877/6364/3569/728/54206/4616/9043/54910/5008/4609/467/80149/6714/1230/5770/7430/3156/29937/5187/23533/6348/3553/161742/10494/8831/407007/10178/1647/3654"
"GO:0009048","GO:0009048","dosage compensation by inactivation of X chromosome",27,-0.68609318740076,-1.94043388338638,7.53762632020228e-05,0.00884032478206332,0.00804473436096646,3,"tags=11%, list=0%, signal=11%","672/9383/7503"
"GO:0061138","GO:0061138","morphogenesis of a branching epithelium",92,0.463430074893428,1.83983438382654,8.73534096624794e-05,0.0100270562793421,0.00912466523327669,1332,"tags=21%, list=8%, signal=19%","1435/4233/10253/374/441478/9620/9953/4824/8642/10252/5361/3202/80000/10672/1282/4609/54361/133/6714"
"GO:0050920","GO:0050920","regulation of chemotaxis",146,0.397493330179722,1.67747645276565,9.34531207551784e-05,0.010396178834903,0.00946056837929613,1619,"tags=18%, list=10%, signal=17%","1435/4233/2152/6405/6347/5054/6351/27202/7130/2260/7057/8740/3576/1880/5159/347733/57556/10501/3569/728/3673/54910/719/9943/1230/6348/4088"
"GO:0071216","GO:0071216","cellular response to biotic stimulus",193,0.361589374362118,1.58962820728146,9.52547954127535e-05,0.010396178834903,0.00946056837929613,2244,"tags=21%, list=14%, signal=19%","2921/2919/2920/6347/3656/558/8140/5054/1910/11009/6374/383/3576/9451/84868/3552/19/10417/114548/3569/10221/2672/1649/80149/6714/7097/148022/10865/6348/3553/64581/10892/3654/5581/3309/3586/10270/1234/5142/4795/7040"
"GO:0040017","GO:0040017","positive regulation of locomotion",390,0.30169795309222,1.40828102813296,9.63501282196754e-05,0.010396178834903,0.00946056837929613,3014,"tags=26%, list=19%, signal=22%","1435/4233/2152/10253/6405/407006/5328/5054/6351/2335/8613/8013/286077/7130/2260/9590/7057/8740/3576/3554/406955/285966/5159/5420/58191/7205/2852/3373/2321/3552/57556/1839/53905/8877/6364/10501/3569/728/3673/9043/54910/80149/1545/719/27161/9732/6714/9943/1230/4641/306/3091/6348/3553/4088/3687/57091/64581/407007/10769/8840/91663/9922/58515/389/6504/7422/1901/5581/6868/977/3309/5743/9448/55604/7040/27/8660/378938/109136579/6810/26271/208/7852/3688/25960/596/7803/23587/4780/2041/5025/1613/5606/4267/26012/972/57343/5605/9693/56034"
"GO:0040013","GO:0040013","negative regulation of locomotion",231,0.332633310768468,1.49002681945754,9.92824409829443e-05,0.0105025248843722,0.00955734375117549,1371,"tags=15%, list=8%, signal=14%","3036/6405/407006/6347/5468/5054/28984/135/23189/57522/90355/27202/7130/79812/11009/7057/9294/27342/57556/10501/182/407004/2309/54910/10672/10221/7076/104/54361/1545/57561/56477/22846/10395/9289"
"GO:0051896","GO:0051896","regulation of protein kinase B signaling",107,0.439838140195022,1.80374585732902,0.000107666050904345,0.0110897792013748,0.0100917477577118,1777,"tags=20%, list=11%, signal=18%","4233/2152/10253/407006/558/8644/85453/388121/9518/2260/7057/2852/1839/1649/5008/6714/23533/6348/57091/79594/407007"
"GO:0048514","GO:0048514","blood vessel morphogenesis",378,0.302140651228797,1.41226739513125,0.00010894500420257,0.0110897792013748,0.0100917477577118,1798,"tags=18%, list=11%, signal=17%","2152/10253/255324/407006/1960/6347/5468/441478/5054/2335/4327/28984/2069/6461/1284/79812/7057/374887/3576/406955/51330/5159/26051/9451/25976/3373/2321/3552/57556/3949/8877/58504/2034/3202/639/3569/182/728/3696/407004/23210/10672/55636/1282/80149/290/688/54361/1545/719/22846/27161/133/9289/718/57178/861/306/6095/64855/3091/116844/3553/161742/3687/3248/407007/10769/2752"
"GO:0001936","GO:0001936","regulation of endothelial cell proliferation",82,0.452037946394216,1.76152667003359,0.000139887422868091,0.0139757897476547,0.0127180300244986,2118,"tags=28%, list=13%, signal=25%","2152/1960/6347/5468/441478/28984/79812/2260/7057/383/26051/3357/2321/407004/22846/3091/116844/57521/407007/94/7422/6868/3586"
"GO:0071621","GO:0071621","granulocyte chemotaxis",85,0.451194083952686,1.76726313798285,0.000151260142940471,0.0148372449302516,0.0135019580224757,2216,"tags=26%, list=14%, signal=22%","1435/2921/2919/2920/6347/6351/27202/7130/7057/6374/3576/1525/6364/728/719/6348/3553/3680/54210/6504/5142/4354"
"GO:1990266","GO:1990266","neutrophil migration",89,0.443064950813899,1.74500199113493,0.00016269455998824,0.015673877698867,0.0142632975147585,2216,"tags=29%, list=14%, signal=25%","2921/2919/2920/6347/6351/89766/27202/7130/6374/3576/3554/3552/1525/6364/255231/728/719/399/6348/3553/3680/9948/58515/54210/5142/4354"
"GO:0030595","GO:0030595","leukocyte chemotaxis",163,0.376272035493057,1.6106536077447,0.000176810032939262,0.016734914521181,0.0152288456810474,2216,"tags=23%, list=14%, signal=20%","1435/2921/2919/2920/6347/5054/6351/1910/27202/7130/7057/6374/8740/3576/1880/58191/2321/1525/6364/3569/728/2867/719/5339/9943/1230/6348/3553/3680/54210/6504/7422/1901/6868/3586/1234/5142/4354"
"GO:0033005","GO:0033005","positive regulation of mast cell activation",13,0.800436689753793,2.07975045903633,0.000187698954151952,0.0174592389249962,0.015887984068325,2040,"tags=46%, list=13%, signal=40%","64109/10666/8013/136/9846/5819"
"GO:0042063","GO:0042063","gliogenesis",185,0.357124018629065,1.55690396803082,0.000192677599997914,0.0176185703726906,0.0160329763851966,3040,"tags=28%, list=19%, signal=23%","1435/56978/374/407006/6347/8140/3976/4665/8613/135/23529/274/1959/80045/406955/5028/1880/3949/3569/27242/728/5339/20/9289/57178/7097/6497/6348/3553/4664/10397/407007/9948/9334/1270/7040/375387/64398/208/7852/5604/4204/406934/1499/84504/7431/5025/8867/664/4771/9463/3280"
"GO:0061041","GO:0061041","regulation of wound healing",74,0.4728306840312,1.7857503725769,0.000207423421179027,0.0178345205269334,0.0162294919735852,1676,"tags=27%, list=10%, signal=24%","2152/407006/5328/5055/5054/7056/7035/22875/23189/135228/7057/51330/5329/1839/53905/84959/54361/710/4088/64581"
"GO:1903034","GO:1903034","regulation of response to wounding",98,0.438981997471607,1.77174059453068,0.000204186240346366,0.0178345205269334,0.0162294919735852,3047,"tags=39%, list=19%, signal=32%","2152/407006/5328/5055/5054/7056/7035/22875/23189/135228/7057/5802/51330/5329/1839/53905/84959/54361/81565/710/4088/64581/407007/8840/5581/3586/1270/673/7852/56963/3688/5604/2316/4780/84034/5605/9314/6239"
"GO:0014074","GO:0014074","response to purine-containing compound",88,0.440329247110958,1.74070806547059,0.000201300266766862,0.0178345205269334,0.0162294919735852,2127,"tags=28%, list=13%, signal=25%","374/8061/15/7056/4327/135/5138/4907/5028/53905/5023/1545/79041/196/7430/5187/366/2354/3553/100/2889/7442/3309/5743/6720"
"GO:0007548","GO:0007548","sex differentiation",154,0.373414180390539,1.58994840822369,0.000208262241556405,0.0178345205269334,0.0162294919735852,1408,"tags=19%, list=9%, signal=17%","7544/558/3624/8644/4327/2069/89766/7130/4824/5159/25976/10184/3552/9985/5806/11144/80000/2309/55636/54361/1545/8204/84159/5872/6714/9289/598/10409/2"
"GO:0033138","GO:0033138","positive regulation of peptidyl-serine phosphorylation",65,0.490157165513526,1.80255357935129,0.000217824625016015,0.0183619351868969,0.016709441629518,2913,"tags=29%, list=18%, signal=24%","10253/3976/56832/8412/4515/7037/3569/5008/57521/10178/7422/5743/7040/673/96459/960/8312/596/1981"
"GO:0044057","GO:0044057","regulation of system process",282,0.318188926970039,1.45452120123813,0.000224300179195857,0.0186169148732561,0.0169414742634733,2163,"tags=23%, list=13%, signal=20%","6804/5468/3624/8013/135/3778/8530/1910/153/9456/407975/490/274/1959/4824/112755/136/4000/9451/9294/4607/5144/2852/3552/1839/3720/9026/8864/8877/6446/2034/1525/776/5023/27242/54206/10458/2309/3673/481/80149/1855/2171/79041/4923/133/9732/6714/7376/2859/1889/23175/6348/4088/3687/1408/9722/100/1407/26164/7442/5743/3586/6720/5142"
"GO:0045137","GO:0045137","development of primary sexual characteristics",133,0.393070880637766,1.67223897278078,0.000234092305851642,0.0191352725768123,0.0174131820493151,1408,"tags=20%, list=9%, signal=18%","7544/3624/8644/4327/2069/89766/7130/4824/5159/25976/10184/3552/9985/5806/11144/2309/54361/1545/8204/84159/5872/6714/9289/598/10409/2"
"GO:0001706","GO:0001706","endoderm formation",29,0.643532060668686,2.02866273768043,0.000252724445267596,0.0201833781469973,0.0183669627193981,749,"tags=24%, list=5%, signal=23%","1846/3624/2335/1284/1844/1847/3914"
"GO:0048710","GO:0048710","regulation of astrocyte differentiation",16,0.747514337834298,2.01863806210981,0.000254396610564563,0.0201833781469973,0.0183669627193981,905,"tags=38%, list=6%, signal=35%","3976/23529/274/406955/3949/3569"
"GO:0007549","GO:0007549","dosage compensation",29,-0.658164877146042,-1.89245513417877,0.000265935496058358,0.0207930724816644,0.0189217872405215,3,"tags=10%, list=0%, signal=10%","672/9383/7503"
"GO:0050820","GO:0050820","positive regulation of coagulation",21,0.680945725320979,1.97994139178615,0.000301232357614495,0.0221871838082842,0.0201904346679357,338,"tags=29%, list=2%, signal=28%","2152/5328/5054/7056/22875/7057"
"GO:0008406","GO:0008406","gonad development",131,0.389656789329845,1.64383468932779,0.000293942099211974,0.0221871838082842,0.0201904346679357,1408,"tags=19%, list=9%, signal=18%","7544/3624/8644/4327/2069/89766/7130/4824/5159/25976/3552/9985/5806/11144/2309/54361/1545/8204/84159/5872/6714/9289/598/10409/2"
"GO:0007169","GO:0007169","transmembrane receptor protein tyrosine kinase signaling pathway",387,0.288393054316416,1.35076557584886,0.000297407010383753,0.0221871838082842,0.0201904346679357,1799,"tags=15%, list=11%, signal=14%","1435/4233/2152/10253/255324/374/407006/558/8412/9518/8013/23189/2069/1284/53834/79812/2260/7057/64651/924/4824/3667/5159/5329/5588/9451/10252/25976/56975/2852/9788/2321/27342/57556/1839/9026/5618/6503/9261/84959/54206/10458/1282/54361/84159/6714/5770/2865/4641/81565/967/64855/3091/3553/57091/55022/5753/23516/9846"
"GO:0002694","GO:0002694","regulation of leukocyte activation",462,0.278067798969552,1.34585824280773,0.000289807914829556,0.0221871838082842,0.0201904346679357,2396,"tags=19%, list=15%, signal=17%","64109/1960/6347/441478/558/3624/2335/10666/8013/135/23529/8808/6385/6461/8530/407975/7057/4860/1326/383/8740/6541/3111/9308/933/136/1880/23308/7037/5588/84868/2852/27342/3552/84807/54900/5618/3949/8877/944/639/1026/114548/3569/3120/27242/2309/814/9760/80149/921/64092/6714/196/3119/399/9306/57178/148022/861/6095/6348/3553/64581/9846/56941/10892/100/164/3494/10461/58515/10125/6504/5819/8379/3586/6830/5621/83593/7040/9984/27/56253/3727/3123/25807/10524/8660"
"GO:0050865","GO:0050865","regulation of cell activation",495,0.273234977339718,1.3305061994565,0.000304328378463954,0.0221871838082842,0.0201904346679357,2396,"tags=19%, list=15%, signal=17%","64109/1960/6347/441478/558/3624/7056/2335/10666/8013/135/23529/8808/6385/6461/8530/407975/7057/4860/1326/383/8740/6541/3111/9308/933/406955/136/1880/23308/7037/5159/51206/5588/84868/2852/27342/3552/84807/54900/5618/3949/8877/944/639/1026/114548/3569/3120/27242/84959/2309/814/9760/80149/921/64092/6714/196/3119/399/9306/57178/148022/861/6095/6348/3553/64581/9846/56941/10892/100/164/3494/10461/58515/10125/6504/5819/8379/5341/3586/6830/5621/83593/7040/9984/27/56253/3727/3123/25807/10524/8660"
"GO:1903036","GO:1903036","positive regulation of response to wounding",50,0.534652476477444,1.8843330375057,0.00035107584053342,0.0252540554623707,0.0229813013368122,2820,"tags=44%, list=17%, signal=36%","2152/407006/5328/5054/7056/22875/23189/7057/1839/53905/81565/64581/407007/8840/5581/1270/673/7852/3688/2316/4780/84034"
"GO:0061458","GO:0061458","reproductive system development",175,0.348378484999276,1.51946463846035,0.000462838373600538,0.0328554345470382,0.02989858967414,1408,"tags=17%, list=9%, signal=16%","7544/558/3624/8644/4327/2069/89766/7130/4824/5159/25976/3552/5618/9985/5806/11144/80000/2309/55636/54361/1545/8204/84159/5872/6714/9289/598/10409/718/2"
"GO:0061045","GO:0061045","negative regulation of wound healing",35,0.576629384308638,1.89446225329979,0.000487952090427415,0.0341883315305961,0.0311115317806352,1619,"tags=34%, list=10%, signal=31%","5328/5055/5054/7056/7035/135228/7057/5329/84959/54361/710/4088"
"GO:0030193","GO:0030193","regulation of blood coagulation",37,0.564440406891552,1.87703604100517,0.000502213265624106,0.0342967160511652,0.0312101621701643,950,"tags=27%, list=6%, signal=26%","2152/5328/5055/5054/7056/7035/22875/7057/5329/84959"
"GO:1900046","GO:1900046","regulation of hemostasis",37,0.564440406891552,1.87703604100517,0.000502213265624106,0.0342967160511652,0.0312101621701643,950,"tags=27%, list=6%, signal=26%","2152/5328/5055/5054/7056/7035/22875/7057/5329/84959"
"GO:0070848","GO:0070848","response to growth factor",438,0.273183119607642,1.31324693337207,0.000528988762926373,0.0356736796998473,0.0324632051353764,3173,"tags=27%, list=20%, signal=22%","8287/10253/3036/1960/6347/5468/644815/81501/9518/1284/135228/5138/53834/200734/7130/407975/79812/2260/7057/383/3576/5028/5159/10252/56975/3373/107080638/2321/57556/9261/8877/56937/3696/54206/10458/2309/1649/4609/51741/30844/54361/53918/9372/6714/51256/5770/57178/2010/94056/4641/6497/10938/306/967/2002/64855/3091/116844/3553/161742/4088/1841/3248/51341/2889/80312/1453/57154/94/7422/6868/7442/3309/5598/3586/2033/11021/2908/118813/7040/10272/1848/7791/375387/3164/64398/5970/2887/56963/960/9839/25960/11171/1499/26524/3340/11156/8312/3397/5606/8425/1958/10755/6093/9693/54976/9314/3280/8737/9158/5782/27429/6498/83891/1387/5045/5829"
"GO:0050817","GO:0050817","coagulation",151,0.359759133680673,1.53263717092422,0.000536048751654536,0.0357034940145213,0.0324903362926154,1045,"tags=15%, list=6%, signal=14%","2152/23657/558/5328/5055/5054/7056/7035/2335/135/22875/3043/7057/5028/51206/5329/5588/3569/5023/84959/3673/10672/3053"
"GO:0045596","GO:0045596","negative regulation of cell differentiation",398,0.285069296898176,1.3455772168463,0.000545860464631485,0.035913624471791,0.0326815559312098,1639,"tags=15%, list=10%, signal=14%","10253/6405/374/407006/5468/338773/441478/3624/4241/3638/23189/2069/6461/6911/1910/57761/200734/7130/9935/5802/54855/10220/406955/10252/2852/3552/57556/3199/3949/359845/19/3202/8359/8111/10501/3569/182/84959/2309/9043/54910/25819/10221/1649/4609/80149/54361/10011/7376/1071/9275/6497/861/9274/6095/6348/3553/161742/4088/1977"
"GO:0034104","GO:0034104","negative regulation of tissue remodeling",13,0.771411952108162,2.00433636043913,0.000576437046420734,0.0369186698690348,0.0335961516548809,950,"tags=31%, list=6%, signal=29%","5468/338773/3569/84959"
"GO:0030728","GO:0030728","ovulation",13,0.771341127664803,2.00415233942851,0.000576437046420734,0.0369186698690348,0.0335961516548809,2117,"tags=62%, list=13%, signal=54%","3624/4327/2069/7130/2309/8204/3248/5743"
"GO:0090520","GO:0090520","sphingolipid mediated signaling pathway",13,0.770503627506804,2.00197628808012,0.000588508917282112,0.0369186698690348,0.0335961516548809,2469,"tags=54%, list=15%, signal=46%","8613/9294/8877/7430/1901/8698/1903"
"GO:0050900","GO:0050900","leukocyte migration",269,0.309242267726906,1.40006706990433,0.000582665225196154,0.0369186698690348,0.0335961516548809,2315,"tags=20%, list=14%, signal=17%","1435/2921/2919/2920/6347/5054/6351/89766/1910/27202/7130/7057/6374/8740/3576/3554/1880/58191/2321/27342/3552/1525/6364/255231/3569/728/84675/3673/2867/719/56477/5339/6714/399/9943/1230/6348/3553/3680/9948/100/58515/54210/6504/7422/1901/6868/3586/1234/5142/4354/27/56253"
"GO:0019098","GO:0019098","reproductive behavior",17,0.724383555776209,1.99036775601071,0.000604096396387529,0.0372440321407975,0.033892232750535,2201,"tags=35%, list=14%, signal=31%","7544/1910/5028/5023/100/2908"
"GO:0090303","GO:0090303","positive regulation of wound healing",38,0.578736985356465,1.93590666518987,0.000607502285151098,0.0372440321407975,0.033892232750535,779,"tags=26%, list=5%, signal=25%","2152/407006/5328/5054/7056/22875/23189/7057/1839/53905"
"GO:1905515","GO:1905515","non-motile cilium assembly",57,-0.539180245760767,-1.74851995574967,0.000632919167622741,0.0383662798800527,0.0349134831199582,4596,"tags=54%, list=28%, signal=39%","80199/57562/57096/10640/9662/55081/55835/11190/80184/10464/200894/8195/4117/26005/22994/27152/583/54903/221322/283232/80173/26160/79659/23322/49856/84902/51259/55212/152206/123016/79738"
"GO:1903035","GO:1903035","negative regulation of response to wounding",43,0.535560091075405,1.85297074311234,0.000683099622467066,0.0404980490462618,0.0368534024197385,1619,"tags=30%, list=10%, signal=27%","5328/5055/5054/7056/7035/135228/7057/5802/5329/84959/54361/710/4088"
"GO:0048608","GO:0048608","reproductive structure development",172,0.350691427806811,1.52695717501576,0.00067954774857458,0.0404980490462618,0.0368534024197385,1408,"tags=17%, list=9%, signal=16%","7544/558/3624/8644/4327/2069/89766/7130/4824/5159/25976/3552/5618/9985/5806/11144/80000/2309/55636/54361/1545/8204/84159/5872/6714/9289/598/10409/718/2"
"GO:0043434","GO:0043434","response to peptide hormone",282,0.307898028057065,1.40747892735621,0.000696639170204634,0.040851829600587,0.0371753442772816,2506,"tags=21%, list=15%, signal=18%","374/5468/3624/15/2706/8412/9518/3638/8013/23189/2069/89766/1910/57761/490/6775/5251/383/1959/3667/5588/2852/84275/54206/10458/7076/1545/5872/7079/4929/133/6714/5770/990/2865/7097/94056/4641/81565/6513/23175/3553/1408/55022/23516/1407/7442/5743/3586/6720/25948/3727/5315/8660/2844/3164/5791/5970/2887/208"
"GO:0006400","GO:0006400","tRNA modification",92,-0.475096210124753,-1.64930081802244,0.000744161073792439,0.0431693440119377,0.0392842925655681,2218,"tags=27%, list=14%, signal=24%","129450/57505/91801/60487/55798/54920/54802/64172/144233/84520/9836/84705/56986/84267/158234/339175/81627/93587/55687/90353/57604/123263/54482/142940/83480"
"GO:0050818","GO:0050818","regulation of coagulation",40,0.54365177883324,1.83266396048036,0.000762899922832503,0.0434309910496554,0.0395223925185294,950,"tags=25%, list=6%, signal=24%","2152/5328/5055/5054/7056/7035/22875/7057/5329/84959"
"GO:0043410","GO:0043410","positive regulation of MAPK cascade",296,0.301308961899921,1.38181877670824,0.000764771853515711,0.0434309910496554,0.0395223925185294,2060,"tags=17%, list=13%, signal=15%","10253/255324/407006/6347/3624/3976/6351/388121/8412/9518/27202/60370/2260/9590/7057/406955/5028/1880/5159/3357/84868/2852/2321/3552/8877/6364/3569/728/4616/9043/54910/5008/80149/6714/1230/5770/29937/23533/6348/3553/10494/407007/10178/1647/3654/10125/6504/7422/5581"
"GO:0060485","GO:0060485","mesenchyme development",158,0.359417082916861,1.53626685590898,0.000793685760346144,0.0446034862194526,0.0405893682703335,1619,"tags=19%, list=10%, signal=17%","10253/6405/407006/2335/28984/265/1910/200734/2260/84541/8642/5159/10252/3357/57556/359845/3202/10501/3569/182/23275/54910/4609/54361/10409/3091/116844/3553/161742/4088"
"GO:0050909","GO:0050909","sensory perception of taste",18,-0.701858380174436,-1.82044879958881,0.000827863127703939,0.0457578427774116,0.0416398378057359,3097,"tags=67%, list=19%, signal=54%","259289/50838/338557/50840/51176/80835/259292/259290/2780/64108/259295/9033"
"GO:0006959","GO:0006959","humoral immune response",120,0.397068401426108,1.64964541485599,0.000842480527872632,0.0457578427774116,0.0416398378057359,1604,"tags=20%, list=10%, signal=18%","2921/2919/2920/6347/56832/28984/6374/3576/9308/1880/5133/629/10417/3569/27242/10758/6556/3119/718/2/4239/717/710/3553"
"GO:0010001","GO:0010001","glial cell differentiation",124,0.382916683726721,1.60979415255299,0.000848152785494191,0.0457578427774116,0.0416398378057359,3040,"tags=30%, list=19%, signal=24%","56978/3976/4665/8613/135/23529/274/1959/80045/406955/3949/3569/27242/728/5339/20/7097/6497/3553/4664/10397/9948/9334/1270/7040/375387/64398/208/7852/5604/406934/1499/84504/7431/664/9463/3280"
"GO:0043068","GO:0043068","positive regulation of programmed cell death",399,0.274410481189488,1.29386421425476,0.000846897129645573,0.0457578427774116,0.0416398378057359,3330,"tags=26%, list=21%, signal=21%","22822/407006/6347/5468/8061/3624/8644/5913/28984/135/3778/50486/9590/7057/274/4824/123879/406955/5133/150094/51330/5159/2852/5551/85477/9026/3202/1026/3569/9263/4616/7262/9240/2309/1649/4609/467/80149/51741/1545/64112/4923/133/10395/6714/6348/55367/64581/84069/3248/10276/1647/6421/468/338442/842/7442/5743/3586/322/5916/5621/2908/4170/8738/1848/1728/407020/80758/3164/26123/2683/7421/3688/96459/23787/488/604/5599/56259/3620/10912/1499/26524/84034/1613/7159/3482/664/9693/8737/27429/6498/23429/5414/694/5518/8767/3064/57787/7186/1984/84289"
"GO:0007596","GO:0007596","blood coagulation",150,0.360652260273609,1.53495610617745,0.000873391174351593,0.0466529246101667,0.0424543662029789,1045,"tags=15%, list=6%, signal=14%","2152/23657/558/5328/5055/5054/7056/7035/2335/135/22875/3043/7057/5028/51206/5329/5588/3569/5023/84959/3673/10672/3053"
"GO:0050878","GO:0050878","regulation of body fluid levels",229,0.31978913642436,1.42856546293205,0.000883504838064214,0.0467304764838866,0.042524938748519,3021,"tags=28%, list=19%, signal=23%","4233/2152/23657/558/5328/5055/5054/7056/7035/2335/135/22875/1910/3043/7057/5028/51206/5329/5588/540/171389/5618/3569/5023/84959/3673/10672/3053/10758/5339/133/6714/7376/710/3091/2151/4830/221037/9612/100/10461/5912/7422/5581/5341/6722/7421/308/2768/4302/7392/10544/8323/2316/4627/1192/4780/9060/84034/51599/60/7410/9314/1609"
"GO:0030194","GO:0030194","positive regulation of blood coagulation",19,0.69048825995607,1.94930592959557,0.000913674180445856,0.0473968481106288,0.0431313398542457,338,"tags=32%, list=2%, signal=31%","2152/5328/5054/7056/22875/7057"
"GO:1900048","GO:1900048","positive regulation of hemostasis",19,0.69048825995607,1.94930592959557,0.000913674180445856,0.0473968481106288,0.0431313398542457,338,"tags=32%, list=2%, signal=31%","2152/5328/5054/7056/22875/7057"
"GO:0044793","GO:0044793","negative regulation by host of viral process",10,0.799215523944531,1.95950425451639,0.000939477505507735,0.0478158598322097,0.0435126423603583,2611,"tags=60%, list=16%, signal=50%","407006/5806/80149/407007/9218/8812"
"GO:0050921","GO:0050921","positive regulation of chemotaxis",93,0.404596887428656,1.61369190516791,0.000931956770514485,0.0478158598322097,0.0435126423603583,2081,"tags=24%, list=13%, signal=21%","1435/4233/2152/5054/6351/2260/7057/8740/3576/5159/3569/728/3673/719/9943/1230/6348/4088/6504/7422/1901/6868"
"GO:0001935","GO:0001935","endothelial cell proliferation",92,0.420171907948174,1.66809787547522,0.000963572693660762,0.0481340248361093,0.0438021739106607,2118,"tags=25%, list=13%, signal=22%","2152/1960/6347/5468/441478/28984/79812/2260/7057/383/26051/3357/2321/407004/22846/3091/116844/57521/407007/94/7422/6868/3586"
"GO:0043534","GO:0043534","blood vessel endothelial cell migration",91,0.41298142157169,1.63225530028788,0.000960929264503918,0.0481340248361093,0.0438021739106607,2844,"tags=31%, list=18%, signal=26%","407006/1960/5468/28984/79812/2260/7057/407004/1545/22846/3091/161742/10769/1647/94/7422/6868/5743/7040/3164/6722/3688/4204/4627/3397/4780/5025/5606"
"GO:0099177","GO:0099177","regulation of trans-synaptic signaling",223,0.318122586291291,1.40828285936333,0.0010002825253977,0.0495093965552347,0.0450537682129876,3223,"tags=28%, list=20%, signal=23%","23657/6804/6347/5913/135/9456/9590/6853/26045/1959/1759/112755/5028/136/347733/2905/9294/2852/57537/5023/10458/27065/1855/2171/6714/25897/94056/84628/9746/3553/1977/64101/8831/10769/2752/693122/468/26037/5581/5743/5621/6810/673/6722/8938/3688/488/4204/406934/1627/375/10755/6533/26012/84885/9693/9463/5914/29/4983/55784/54413/5577"
